"Company Name,""Location"",""Open Positions"""
"enfue TalentSpike,""Dubai"",""0 open positions"""
"1234,""Jakarta"",""0 open positions"""
"Techy,""Irosin"",""2 open positions"""
"enfue TalentSpike,""Da Nang"",""0 open positions"""
"Vé Máy Bay Bảo Linh,""Hue"",""0 open positions"""
"Green System Solutions,""Da Nang"",""0 open positions"""
"Apreo Technologies Group,""Ha Noi"",""1 open positions"""
"DigiSource,""Ho Chi Minh"",""0 open positions"""
"HR1Vietnam Holdings,""Ho Chi Minh"",""1 open positions"""
"ITviec,""Ho Chi Minh"",""0 open positions"""
"Softech,""Da Nang"",""0 open positions"""
"Aventra Group,""Da Nang"",""1 open positions"""
"Klizo Solutions,""Da Nang"",""1 open positions"""
"One AI Asia,""Da Nang"",""0 open positions"""
"VNAI.Dev,""Da Nang"",""0 open positions"""
"Cuong.Day,""Da Nang"",""0 open positions"""
"Orochi Network,""Ho Chi Minh"",""1 open positions"""
"DataHouse Asia,""Da Nang"",""0 open positions"""
"Pizza Hut Digital & Technology,""Ho Chi Minh"",""1 open positions"""
"Vinatech,""Da Nang"",""0 open positions"""
"RubiTalent,""Da Nang"",""0 open positions"""
"Mobiphone IT,""Da Nang"",""0 open positions"""
"Enjoyworks,""Da Nang"",""0 open positions"""
"freeC,""Da Nang"",""0 open positions"""
"090 Bravo,""Da Nang"",""0 open positions"""
"Gear Inc.,""Da Nang"",""0 open positions"""
"Odinbi Software,""Da Nang"",""0 open positions"""
"Wakumo,""Da Nang"",""0 open positions"""
"Lotus outsourcing,""Hue"",""0 open positions"""
"Kiaisoft,""Da Nang"",""0 open positions"""
"ONE Tech Stop,""Da Nang"",""0 open positions"""
"Gear Games,""Da Nang"",""1 open positions"""
"Danang Nippon Seiki,""Da Nang"",""0 open positions"""
"Aperia Solutions Vietnam,""Da Nang"",""0 open positions"""
"Mesoneer,""Da Nang"",""0 open positions"""
"Enclave,""Da Nang"",""0 open positions"""
"Lutech.ltd,""Da Nang"",""0 open positions"""
"Corize Inc.,""Da Nang"",""0 open positions"""
"Lamma tech,""Da Nang"",""0 open positions"""
"Danaweb,""Da Nang"",""0 open positions"""
"STI solutions,""Da Nang"",""0 open positions"""
"SupremeTech,""Da Nang"",""0 open positions"""
"Tenomad,""Hue"",""0 open positions"""
"Hopee,""Hue"",""0 open positions"""
"NAPA Global,""Da Nang"",""0 open positions"""
"DiproTech,""Da Nang"",""0 open positions"""
"NFQ Asia,""Da Nang"",""0 open positions"""
"Co-well,""Da Nang"",""0 open positions"""
"Tekup JSC,""Da Nang"",""0 open positions"""
"Evvo Labs,""Da Nang"",""0 open positions"""
"CodeComplete,""Da Nang"",""0 open positions"""
"D-Soft,""Da Nang"",""0 open positions"""
"Bespokify,""Da Nang"",""0 open positions"""
"Iglu Vietnam,""Hue"",""0 open positions"""
"APA Tech,""Da Nang"",""0 open positions"""
"GMO-Z.com RUNSYSTEM,""Da Nang"",""0 open positions"""
"Viettel IDC,""Da Nang"",""0 open positions"""
"Snaptec,""Hue"",""0 open positions"""
"VIETIS,""Da Nang"",""0 open positions"""
"Code Gym Huế,""Hue"",""0 open positions"""
"LogiGear,""Da Nang"",""0 open positions"""
"Ponos tech,""Da Nang"",""0 open positions"""
"Hilab Technology,""Da Nang"",""0 open positions"""
"Sotatek,""Da Nang"",""0 open positions"""
"Uranus Software,""Da Nang"",""0 open positions"""
"MTI Technology Vietnam,""Da Nang"",""0 open positions"""
"Astraler Technology,""Da Nang"",""2 open positions"""
"Hodfords,""Da Nang"",""0 open positions"""
"VNEXT Software,""Da Nang"",""0 open positions"""
"VR360,""Da Nang"",""0 open positions"""
"Platinum Technology,""Hue"",""0 open positions"""
"Hitachi Digital Services,""Da Nang"",""0 open positions"""
"SmartOSC,""Da Nang"",""0 open positions"""
"MOR Software,""Da Nang"",""0 open positions"""
"DEHA Vietnam,""Hue"",""0 open positions"""
"Global Design IT,""Da Nang"",""0 open positions"""
"CTNET Digital,""Da Nang"",""0 open positions"""
"Saishunkan System,""Hue"",""0 open positions"""
"FPT Software,""Da Nang"",""0 open positions"""
"Loft3di Việt Nam,""Da Nang"",""0 open positions"""
"Mobifone,""Da Nang"",""0 open positions"""
"SmartDev,""Da Nang"",""0 open positions"""
"Meta DAP,""Da Nang"",""1 open positions"""
"EFE Technology,""Da Nang"",""0 open positions"""
"Gravity global Vietnam,""Da Nang"",""0 open positions"""
"ITS,""Da Nang"",""0 open positions"""
"Brycen Vietnam,""Hue"",""0 open positions"""
"AvePoint,""Ha Noi"",""0 open positions"""
"Enable Startup,""Da Nang"",""0 open positions"""
"Asia Soft,""Da Nang"",""0 open positions"""
"AgilityIO,""Da Nang"",""0 open positions"""
"Techcare,""Da Nang"",""0 open positions"""
"Kozocom,""Da Nang"",""0 open positions"""
"Techfarmer,""Da Nang"",""0 open positions"""
"South Edge Digita,""Hue"",""0 open positions"""
"SapotaCorp,""Da Nang"",""0 open positions"""
"Enlab Software,""Da Nang"",""0 open positions"""
"Seadev,""Da Nang"",""0 open positions"""
"VJ Technologies,""Da Nang"",""0 open positions"""
"AIAIVN,""Da Nang"",""0 open positions"""
"IZI Software,""Da Nang"",""0 open positions"""
"Apero Technologies,""Da Nang"",""0 open positions"""
"Sucodev,""Da Nang"",""0 open positions"""
"The Black Ants,""Da Nang"",""0 open positions"""
"Game Tamin,""Da Nang"",""0 open positions"""
"NashTech,""Da Nang"",""0 open positions"""
"Papagroup Technology,""Da Nang"",""0 open positions"""
"MagRabbit Việt Nam,""Hue"",""0 open positions"""
"Tomosia,""Da Nang"",""0 open positions"""
"Hekate,""Da Nang"",""0 open positions"""
"Techzen Company,""Da Nang"",""0 open positions"""
"Picon Technology,""Da Nang"",""0 open positions"""
"Zimaw,""Da Nang"",""0 open positions"""
"ST United,""Da Nang"",""0 open positions"""
"Fox Code,""Da Nang"",""0 open positions"""
"Nexle Corporation,""Da Nang"",""0 open positions"""
"Misa JSC,""Da Nang"",""0 open positions"""
"Maxmobile software,""Da Nang"",""0 open positions"""
"System EXE,""Da Nang"",""0 open positions"""
"Sun*,""Da Nang"",""0 open positions"""
"MGI Solutions Vietnam,""Hue"",""0 open positions"""
"Paracel Technology Solutions,""Da Nang"",""0 open positions"""
"LG Electronics R&D Vietnam - Da Nang,""Da Nang"",""0 open positions"""
"Techvify,""Da Nang"",""0 open positions"""
"Keystone Solutions,""Da Nang"",""0 open positions"""
"Fastcoding,""Da Nang"",""0 open positions"""
"Xenia Tech,""Da Nang"",""0 open positions"""
"Hybrid Technologies,""Da Nang"",""0 open positions"""
"Bravo,""Da Nang"",""0 open positions"""
"NCC Da Nang,""Da Nang"",""0 open positions"""
"Metaconex,""Da Nang"",""0 open positions"""
"ARCH Viet Nam,""Da Nang"",""0 open positions"""
"Orient Software,""Ho Chi Minh"",""5 open positions"""
"Sioux Vietnam,""Da Nang"",""0 open positions"""
"Capgemini,""Da Nang"",""0 open positions"""
"Huesoft,""Hue"",""0 open positions"""
"Cleeksy,""Da Nang"",""0 open positions"""
"Mirabo tech,""Da Nang"",""0 open positions"""
"Resdii,""Da Nang"",""0 open positions"""
"DGW ASIA,""Da Nang"",""0 open positions"""
"Paradox,""Da Nang"",""0 open positions"""
"Open Web Technology,""Da Nang"",""0 open positions"""
"Pasona Tech,""Da Nang"",""0 open positions"""
"Evizi,""Da Nang"",""0 open positions"""
"Digital Unicorn,""Da Nang"",""0 open positions"""
"Rainscales Việt Nam,""Da Nang"",""0 open positions"""
"NAL Solutions,""Da Nang"",""0 open positions"""
"BeetechSoft,""Da Nang"",""0 open positions"""
"Codelink,""Da Nang"",""0 open positions"""
"Getz,""Da Nang"",""0 open positions"""
"Tora Tech,""Da Nang"",""0 open positions"""
"BPO Tech,""Hue"",""0 open positions"""
"Ban Viet corporation,""Da Nang"",""0 open positions"""
"TPCOMS,""Da Nang"",""0 open positions"""
"Salto,""Da Nang"",""0 open positions"""
"FireGroup Technology,""Da Nang"",""0 open positions"""
"DAC,""Da Nang"",""0 open positions"""
"Nitro Tech Asia,""Da Nang"",""0 open positions"""
"Irtech,""Da Nang"",""0 open positions"""
"Azoom Vietnam,""Da Nang"",""0 open positions"""
"Softworld Vietnam,""Hue"",""0 open positions"""
"Base,""Da Nang"",""0 open positions"""
"IOTlink,""Da Nang"",""0 open positions"""
"Digital Fortress,""Da Nang"",""0 open positions"""
"Mixel Vietnam,""Da Nang"",""0 open positions"""
"GoTECQ Việt Nam,""Da Nang"",""0 open positions"""
"BAP Software,""Da Nang"",""0 open positions"""
"Gosu,""Hue"",""0 open positions"""
"MC solutions,""Da Nang"",""0 open positions"""
"3S Hue Intersoft,""Hue"",""0 open positions"""
"Oivan,""Da Nang"",""0 open positions"""
"Fastdo,""Da Nang"",""0 open positions"""
"Prima Solutions,""Da Nang"",""0 open positions"""
"Agest,""Da Nang"",""0 open positions"""
"ACworks,""Da Nang"",""0 open positions"""
"May Sunshine,""Hue"",""0 open positions"""
"EST Rouge,""Da Nang"",""0 open positions"""
"Madison Technologies,""Da Nang"",""0 open positions"""
"Aureole IT,""Hue"",""0 open positions"""
"Quoc Thien Group,""Quang Ngai"",""0 open positions"""
"DevDay Da Nang,""Da Nang"",""0 open positions"""
"Zuehlke,""Ho Chi Minh"",""0 open positions"""
"Everfit,""Da Nang"",""3 open positions"""
"Enosta,""Da Nang"",""0 open positions"""
"Enouvo,""Da Nang"",""0 open positions"""
"Saigon Technology,""Da Nang"",""0 open positions"""
"CMC Global,""Da Nang"",""0 open positions"""
"Rikkeisoft,""Da Nang"",""1 open positions"""
"MgM Vietnam,""Da Nang"",""0 open positions"""
"AgilityIO,""Da Nang"",""0 open positions"""
"Code Engine Studio,""Da Nang"",""0 open positions"""
"Axon Active,""Da Nang"",""0 open positions"""
"VinRobotics,""Ha Noi"",""1 open positions"""
"enfue,""Da Nang"",""7 open positions"""
"Olinno,""Da Nang"",""7 open positions"""
"TechSoft,""Da Nang"",""23 open positions"""